tier,name,issn,aliases,basis,source_url
top,ACS Nano,1936-0851,,2025中科院大类Top,https://github.com/yuzhounh/Authoritative-Journal-Classification/blob/a5caae3954b49610dd5f357ca8d4a107abee829b/Disciplines/FQBJCR2025-%E6%9D%90%E6%96%99%E7%A7%91%E5%AD%A6-UTF8.csv
top,ACS Sustainable Chemistry & Engineering,2168-0485,,机械运载2019顶级名单,https://bqtq.bit.edu.cn/docs/2019-09/20190928014925512317.pdf
top,ACTA ASTRONAUTICA,0094-5765,ACTA ASTRONAUT,学院2019顶级名单,https://bqtq.bit.edu.cn/docs/2019-09/20190928014930986452.pdf
top,Additive Manufacturing,2214-8604,,2025中科院大类Top,https://github.com/yuzhounh/Authoritative-Journal-Classification/blob/a5caae3954b49610dd5f357ca8d4a107abee829b/Disciplines/FQBJCR2025-%E5%B7%A5%E7%A8%8B%E6%8A%80%E6%9C%AF-UTF8.csv
top,Advanced Engineering Informatics,1474-0346,,机械运载2019顶级名单,https://bqtq.bit.edu.cn/docs/2019-09/20190928014925512317.pdf
top,ADVANCED FUNCTIONAL MATERIALS,1616-301X,,2025中科院大类Top,https://github.com/yuzhounh/Authoritative-Journal-Classification/blob/a5caae3954b49610dd5f357ca8d4a107abee829b/Disciplines/FQBJCR2025-%E6%9D%90%E6%96%99%E7%A7%91%E5%AD%A6-UTF8.csv
top,ADVANCED MATERIALS,0935-9648,,2025中科院大类Top,https://github.com/yuzhounh/Authoritative-Journal-Classification/blob/a5caae3954b49610dd5f357ca8d4a107abee829b/Disciplines/FQBJCR2025-%E6%9D%90%E6%96%99%E7%A7%91%E5%AD%A6-UTF8.csv
top,Advanced Science,2198-3844,,2025中科院大类Top,https://github.com/yuzhounh/Authoritative-Journal-Classification/blob/a5caae3954b49610dd5f357ca8d4a107abee829b/Disciplines/FQBJCR2025-%E7%BB%BC%E5%90%88%E6%80%A7%E6%9C%9F%E5%88%8A-UTF8.csv
top,AEROSPACE SCIENCE AND TECHNOLOGY,1270-9638,AEROSP SCI TECHNOL,学院2019顶级名单,https://bqtq.bit.edu.cn/docs/2019-09/20190928014930986452.pdf
top,AIAA JOURNAL,0001-1452,AIAA J,学院2019顶级名单,https://bqtq.bit.edu.cn/docs/2019-09/20190928014930986452.pdf
top,Annual Review of Control Robotics and Autonomous Systems,2573-5144,,2025中科院大类Top,https://github.com/yuzhounh/Authoritative-Journal-Classification/blob/a5caae3954b49610dd5f357ca8d4a107abee829b/Disciplines/FQBJCR2025-%E8%AE%A1%E7%AE%97%E6%9C%BA%E7%A7%91%E5%AD%A6-UTF8.csv
top,APPLIED SPECTROSCOPY REVIEWS,0570-4928,,2025中科院小类1区,https://github.com/yuzhounh/Authoritative-Journal-Classification/blob/a5caae3954b49610dd5f357ca8d4a107abee829b/Disciplines/FQBJCR2025-%E5%8C%96%E5%AD%A6-UTF8.csv
top,APPLIED THERMAL ENGINEERING,1359-4311,APPL THERM ENG,学院2019顶级名单,https://bqtq.bit.edu.cn/docs/2019-09/20190928014930986452.pdf
top,AUTOMATICA,0005-1098,,学院2019顶级名单,https://bqtq.bit.edu.cn/docs/2019-09/20190928014930986452.pdf
top,Chinese Journal of Aeronautics,1000-9361,,2025中科院大类Top,https://github.com/yuzhounh/Authoritative-Journal-Classification/blob/a5caae3954b49610dd5f357ca8d4a107abee829b/Disciplines/FQBJCR2025-%E5%B7%A5%E7%A8%8B%E6%8A%80%E6%9C%AF-UTF8.csv
top,Chinese Science Bulletin-Chinese,0023-074X,科学通报,2025中科院大类Top,https://github.com/yuzhounh/Authoritative-Journal-Classification/blob/a5caae3954b49610dd5f357ca8d4a107abee829b/Disciplines/FQBJCR2025-%E7%BB%BC%E5%90%88%E6%80%A7%E6%9C%9F%E5%88%8A-UTF8.csv
top,COMBUSTION AND FLAME,0010-2180,COMBUST FLAME,学院2019顶级名单,https://bqtq.bit.edu.cn/docs/2019-09/20190928014930986452.pdf
top,COMMUNICATIONS IN NONLINEAR SCIENCE AND NUMERICAL SIMULATION,1007-5704,COMMUN NONLINEAR SCI,学院2019顶级名单,https://bqtq.bit.edu.cn/docs/2019-09/20190928014930986452.pdf
top,COMPOSITES PART A-APPLIED SCIENCE AND MANUFACTURING,1359-835X,,2025中科院大类Top,https://github.com/yuzhounh/Authoritative-Journal-Classification/blob/a5caae3954b49610dd5f357ca8d4a107abee829b/Disciplines/FQBJCR2025-%E6%9D%90%E6%96%99%E7%A7%91%E5%AD%A6-UTF8.csv
top,COMPUTER METHODS IN APPLIED MECHANICS AND ENGINEERING,0045-7825,,2025中科院大类Top,https://github.com/yuzhounh/Authoritative-Journal-Classification/blob/a5caae3954b49610dd5f357ca8d4a107abee829b/Disciplines/FQBJCR2025-%E5%B7%A5%E7%A8%8B%E6%8A%80%E6%9C%AF-UTF8.csv
top,Cyborg and Bionic Systems,2692-7632,,2025中科院大类Top,https://github.com/yuzhounh/Authoritative-Journal-Classification/blob/a5caae3954b49610dd5f357ca8d4a107abee829b/Disciplines/FQBJCR2025-%E8%AE%A1%E7%AE%97%E6%9C%BA%E7%A7%91%E5%AD%A6-UTF8.csv
top,Design Studies,0142-694X,,2025中科院大类Top,https://github.com/yuzhounh/Authoritative-Journal-Classification/blob/a5caae3954b49610dd5f357ca8d4a107abee829b/Disciplines/FQBJCR2025-%E5%B7%A5%E7%A8%8B%E6%8A%80%E6%9C%AF-UTF8.csv
top,ENERGY,0360-5442,ENERGY,学院2019顶级名单,https://bqtq.bit.edu.cn/docs/2019-09/20190928014930986452.pdf
top,ENGINEERING APPLICATIONS OF ARTIFICIAL INTELLIGENCE,0952-1976,,2025中科院大类Top,https://github.com/yuzhounh/Authoritative-Journal-Classification/blob/a5caae3954b49610dd5f357ca8d4a107abee829b/Disciplines/FQBJCR2025-%E8%AE%A1%E7%AE%97%E6%9C%BA%E7%A7%91%E5%AD%A6-UTF8.csv
top,Engineering Applications of Computational Fluid Mechanics,1994-2060,,2025中科院大类Top,https://github.com/yuzhounh/Authoritative-Journal-Classification/blob/a5caae3954b49610dd5f357ca8d4a107abee829b/Disciplines/FQBJCR2025-%E5%B7%A5%E7%A8%8B%E6%8A%80%E6%9C%AF-UTF8.csv
top,Engineering Failure Analysis,1350-6307,,2025中科院小类1区,https://github.com/yuzhounh/Authoritative-Journal-Classification/blob/a5caae3954b49610dd5f357ca8d4a107abee829b/Disciplines/FQBJCR2025-%E5%B7%A5%E7%A8%8B%E6%8A%80%E6%9C%AF-UTF8.csv
top,ENGINEERING WITH COMPUTERS,0177-0667,,2025中科院大类Top,https://github.com/yuzhounh/Authoritative-Journal-Classification/blob/a5caae3954b49610dd5f357ca8d4a107abee829b/Disciplines/FQBJCR2025-%E5%B7%A5%E7%A8%8B%E6%8A%80%E6%9C%AF-UTF8.csv
top,ES Materials and Manufacturing,2578-0611,,2025中科院小类1区,https://github.com/yuzhounh/Authoritative-Journal-Classification/blob/a5caae3954b49610dd5f357ca8d4a107abee829b/Disciplines/FQBJCR2025-%E6%9D%90%E6%96%99%E7%A7%91%E5%AD%A6-UTF8.csv
top,EXPERIMENTAL THERMAL AND FLUID SCIENCE,0894-1777,EXP THERM FLUID SCI,学院2019顶级名单,https://bqtq.bit.edu.cn/docs/2019-09/20190928014930986452.pdf
top,Facta Universitatis-Series Mechanical Engineering,0354-2025,,2025中科院大类Top,https://github.com/yuzhounh/Authoritative-Journal-Classification/blob/a5caae3954b49610dd5f357ca8d4a107abee829b/Disciplines/FQBJCR2025-%E5%B7%A5%E7%A8%8B%E6%8A%80%E6%9C%AF-UTF8.csv
top,Foundations and Trends in Systems and Control,2325-6818,,2025中科院大类Top,https://github.com/yuzhounh/Authoritative-Journal-Classification/blob/a5caae3954b49610dd5f357ca8d4a107abee829b/Disciplines/FQBJCR2025-%E8%AE%A1%E7%AE%97%E6%9C%BA%E7%A7%91%E5%AD%A6-UTF8.csv
top,Friction,2223-7690,,2025中科院大类Top,https://github.com/yuzhounh/Authoritative-Journal-Classification/blob/a5caae3954b49610dd5f357ca8d4a107abee829b/Disciplines/FQBJCR2025-%E5%B7%A5%E7%A8%8B%E6%8A%80%E6%9C%AF-UTF8.csv
top,FUEL,0016-2361,FUEL,学院2019顶级名单,https://bqtq.bit.edu.cn/docs/2019-09/20190928014930986452.pdf
top,FUEL PROCESSING TECHNOLOGY,0378-3820,FUEL PROCESS TECHNOL,学院2019顶级名单,https://bqtq.bit.edu.cn/docs/2019-09/20190928014930986452.pdf
top,IEEE TRANSACTIONS ON AEROSPACE AND ELECTRONIC SYSTEMS,0018-9251,IEEE T AERO ELEC SYS,学院2019顶级名单,https://bqtq.bit.edu.cn/docs/2019-09/20190928014930986452.pdf
top,IEEE TRANSACTIONS ON AUTOMATIC CONTROL,0018-9286,IEEE T AUTOMAT CONTR,学院2019顶级名单,https://bqtq.bit.edu.cn/docs/2019-09/20190928014930986452.pdf
top,IEEE Transactions on Biomedical Engineering,0018-9294,IEEE T-BME,机械运载2019顶级名单,https://bqtq.bit.edu.cn/docs/2019-09/20190928014925512317.pdf
top,IEEE TRANSACTIONS ON CONTROL SYSTEMS TECHNOLOGY,1063-6536,IEEE T CONTR SYST T,学院2019顶级名单,https://bqtq.bit.edu.cn/docs/2019-09/20190928014930986452.pdf
top,IEEE Transactions on Cybernetics,2168-2267,,2025中科院大类Top,https://github.com/yuzhounh/Authoritative-Journal-Classification/blob/a5caae3954b49610dd5f357ca8d4a107abee829b/Disciplines/FQBJCR2025-%E8%AE%A1%E7%AE%97%E6%9C%BA%E7%A7%91%E5%AD%A6-UTF8.csv
top,IEEE TRANSACTIONS ON IMAGE PROCESSING,1057-7149,,2025中科院大类Top,https://github.com/yuzhounh/Authoritative-Journal-Classification/blob/a5caae3954b49610dd5f357ca8d4a107abee829b/Disciplines/FQBJCR2025-%E8%AE%A1%E7%AE%97%E6%9C%BA%E7%A7%91%E5%AD%A6-UTF8.csv
top,IEEE TRANSACTIONS ON INDUSTRIAL ELECTRONICS,0278-0046,,2025中科院大类Top,https://github.com/yuzhounh/Authoritative-Journal-Classification/blob/a5caae3954b49610dd5f357ca8d4a107abee829b/Disciplines/FQBJCR2025-%E5%B7%A5%E7%A8%8B%E6%8A%80%E6%9C%AF-UTF8.csv
top,IEEE Transactions on Industrial Informatics,1551-3203,,2025中科院大类Top,https://github.com/yuzhounh/Authoritative-Journal-Classification/blob/a5caae3954b49610dd5f357ca8d4a107abee829b/Disciplines/FQBJCR2025-%E8%AE%A1%E7%AE%97%E6%9C%BA%E7%A7%91%E5%AD%A6-UTF8.csv
top,IEEE Transactions on Intelligent Transportation Systems,1524-9050,IEEE T-ITS,机械运载2019顶级名单,https://bqtq.bit.edu.cn/docs/2019-09/20190928014925512317.pdf
top,IEEE Transactions on Neural Networks and Learning Systems,2162-237X,,2025中科院大类Top,https://github.com/yuzhounh/Authoritative-Journal-Classification/blob/a5caae3954b49610dd5f357ca8d4a107abee829b/Disciplines/FQBJCR2025-%E8%AE%A1%E7%AE%97%E6%9C%BA%E7%A7%91%E5%AD%A6-UTF8.csv
top,IEEE TRANSACTIONS ON PATTERN ANALYSIS AND MACHINE INTELLIGENCE,0162-8828,,2025中科院大类Top,https://github.com/yuzhounh/Authoritative-Journal-Classification/blob/a5caae3954b49610dd5f357ca8d4a107abee829b/Disciplines/FQBJCR2025-%E8%AE%A1%E7%AE%97%E6%9C%BA%E7%A7%91%E5%AD%A6-UTF8.csv
top,IEEE TRANSACTIONS ON ROBOTICS,1552-3098,IEEE T ROBOT;TRO;T-RO,学院2019顶级名单,https://bqtq.bit.edu.cn/docs/2019-09/20190928014930986452.pdf
top,IEEE Transactions on Systems Man Cybernetics-Systems,2168-2216,,2025中科院大类Top,https://github.com/yuzhounh/Authoritative-Journal-Classification/blob/a5caae3954b49610dd5f357ca8d4a107abee829b/Disciplines/FQBJCR2025-%E8%AE%A1%E7%AE%97%E6%9C%BA%E7%A7%91%E5%AD%A6-UTF8.csv
top,IEEE-ASME TRANSACTIONS ON MECHATRONICS,1083-4435,T-MECH;TMECH;IEEE/ASME TRANSACTIONS ON MECHATRONICS,2025中科院大类Top,https://github.com/yuzhounh/Authoritative-Journal-Classification/blob/a5caae3954b49610dd5f357ca8d4a107abee829b/Disciplines/FQBJCR2025-%E5%B7%A5%E7%A8%8B%E6%8A%80%E6%9C%AF-UTF8.csv
top,IEEE-CAA Journal of Automatica Sinica,2329-9266,,2025中科院大类Top,https://github.com/yuzhounh/Authoritative-Journal-Classification/blob/a5caae3954b49610dd5f357ca8d4a107abee829b/Disciplines/FQBJCR2025-%E8%AE%A1%E7%AE%97%E6%9C%BA%E7%A7%91%E5%AD%A6-UTF8.csv
top,Innovation,2666-6758,,2025中科院大类Top,https://github.com/yuzhounh/Authoritative-Journal-Classification/blob/a5caae3954b49610dd5f357ca8d4a107abee829b/Disciplines/FQBJCR2025-%E7%BB%BC%E5%90%88%E6%80%A7%E6%9C%9F%E5%88%8A-UTF8.csv
top,International Journal of Extreme Manufacturing,2631-8644,,2025中科院大类Top,https://github.com/yuzhounh/Authoritative-Journal-Classification/blob/a5caae3954b49610dd5f357ca8d4a107abee829b/Disciplines/FQBJCR2025-%E5%B7%A5%E7%A8%8B%E6%8A%80%E6%9C%AF-UTF8.csv
top,International Journal of Fatigue,0142-1123,,2025中科院大类Top,https://github.com/yuzhounh/Authoritative-Journal-Classification/blob/a5caae3954b49610dd5f357ca8d4a107abee829b/Disciplines/FQBJCR2025-%E6%9D%90%E6%96%99%E7%A7%91%E5%AD%A6-UTF8.csv
top,INTERNATIONAL JOURNAL OF HEAT AND MASS TRANSFER,0017-9310,INT J HEAT MASS TRAN,学院2019顶级名单,https://bqtq.bit.edu.cn/docs/2019-09/20190928014930986452.pdf
top,INTERNATIONAL JOURNAL OF HYDROGEN ENERGY,0360-3199,INT J HYDROGEN ENERG,学院2019顶级名单,https://bqtq.bit.edu.cn/docs/2019-09/20190928014930986452.pdf
top,International Journal of Hydromechatronics,2515-0464,,2025中科院大类Top,https://github.com/yuzhounh/Authoritative-Journal-Classification/blob/a5caae3954b49610dd5f357ca8d4a107abee829b/Disciplines/FQBJCR2025-%E5%B7%A5%E7%A8%8B%E6%8A%80%E6%9C%AF-UTF8.csv
top,INTERNATIONAL JOURNAL OF IMPACT ENGINEERING,0734-743X,,2025中科院小类1区,https://github.com/yuzhounh/Authoritative-Journal-Classification/blob/a5caae3954b49610dd5f357ca8d4a107abee829b/Disciplines/FQBJCR2025-%E5%B7%A5%E7%A8%8B%E6%8A%80%E6%9C%AF-UTF8.csv
top,INTERNATIONAL JOURNAL OF MACHINE TOOLS & MANUFACTURE,0890-6955,INT J MACH TOOL MANU,学院2019顶级名单,https://bqtq.bit.edu.cn/docs/2019-09/20190928014930986452.pdf
top,INTERNATIONAL JOURNAL OF MECHANICAL SCIENCES,0020-7403,,机械运载2019顶级名单,https://bqtq.bit.edu.cn/docs/2019-09/20190928014925512317.pdf
top,International Journal of Numerical Methods for Heat & Fluid Flow,0961-5539,,机械运载2019顶级名单,https://bqtq.bit.edu.cn/docs/2019-09/20190928014925512317.pdf
top,INTERNATIONAL JOURNAL OF PLASTICITY,0749-6419,,2025中科院大类Top,https://github.com/yuzhounh/Authoritative-Journal-Classification/blob/a5caae3954b49610dd5f357ca8d4a107abee829b/Disciplines/FQBJCR2025-%E6%9D%90%E6%96%99%E7%A7%91%E5%AD%A6-UTF8.csv
top,INTERNATIONAL JOURNAL OF PRODUCTION ECONOMICS,0925-5273,,2025中科院大类Top,https://github.com/yuzhounh/Authoritative-Journal-Classification/blob/a5caae3954b49610dd5f357ca8d4a107abee829b/Disciplines/FQBJCR2025-%E5%B7%A5%E7%A8%8B%E6%8A%80%E6%9C%AF-UTF8.csv
top,INTERNATIONAL JOURNAL OF PRODUCTION RESEARCH,0020-7543,,机械运载2019顶级名单,https://bqtq.bit.edu.cn/docs/2019-09/20190928014925512317.pdf
top,INTERNATIONAL JOURNAL OF ROBOTICS RESEARCH,0278-3649,IJRR;The International Journal of Robotics Research;Int J Robot Res,机械运载2019顶级名单,https://bqtq.bit.edu.cn/docs/2019-09/20190928014925512317.pdf
top,ISA TRANSACTIONS,0019-0578,,2025中科院大类Top,https://github.com/yuzhounh/Authoritative-Journal-Classification/blob/a5caae3954b49610dd5f357ca8d4a107abee829b/Disciplines/FQBJCR2025-%E8%AE%A1%E7%AE%97%E6%9C%BA%E7%A7%91%E5%AD%A6-UTF8.csv
top,Journal of Advanced Research,2090-1232,,2025中科院大类Top,https://github.com/yuzhounh/Authoritative-Journal-Classification/blob/a5caae3954b49610dd5f357ca8d4a107abee829b/Disciplines/FQBJCR2025-%E7%BB%BC%E5%90%88%E6%80%A7%E6%9C%9F%E5%88%8A-UTF8.csv
top,Journal of Analytical Atomic Spectrometry,0267-9477,,机械运载2019顶级名单,https://bqtq.bit.edu.cn/docs/2019-09/20190928014925512317.pdf
top,Journal of Field Robotics,1556-4959,JFR,机械运载2019顶级名单,https://bqtq.bit.edu.cn/docs/2019-09/20190928014925512317.pdf
top,JOURNAL OF FLUID MECHANICS,0022-1120,JFM,2025中科院小类1区,https://github.com/yuzhounh/Authoritative-Journal-Classification/blob/a5caae3954b49610dd5f357ca8d4a107abee829b/Disciplines/FQBJCR2025-%E5%B7%A5%E7%A8%8B%E6%8A%80%E6%9C%AF-UTF8.csv
top,JOURNAL OF GUIDANCE CONTROL AND DYNAMICS,0731-5090,J GUID CONTROL DYNAM,学院2019顶级名单,https://bqtq.bit.edu.cn/docs/2019-09/20190928014930986452.pdf
top,JOURNAL OF INTELLIGENT MANUFACTURING,0956-5515,,机械运载2019顶级名单,https://bqtq.bit.edu.cn/docs/2019-09/20190928014925512317.pdf
top,Journal of Manufacturing Processes,1526-6125,,2025中科院大类Top,https://github.com/yuzhounh/Authoritative-Journal-Classification/blob/a5caae3954b49610dd5f357ca8d4a107abee829b/Disciplines/FQBJCR2025-%E5%B7%A5%E7%A8%8B%E6%8A%80%E6%9C%AF-UTF8.csv
top,JOURNAL OF MANUFACTURING SCIENCE AND ENGINEERING-TRANSACTIONS OF THE ASME,1087-1357,J MANUF SCI E-T ASME,学院2019顶级名单,https://bqtq.bit.edu.cn/docs/2019-09/20190928014930986452.pdf
top,JOURNAL OF MANUFACTURING SYSTEMS,0278-6125,,机械运载2019顶级名单,https://bqtq.bit.edu.cn/docs/2019-09/20190928014925512317.pdf
top,Journal of Manufacturing Technology Management,1741-038X,,2025中科院大类Top,https://github.com/yuzhounh/Authoritative-Journal-Classification/blob/a5caae3954b49610dd5f357ca8d4a107abee829b/Disciplines/FQBJCR2025-%E5%B7%A5%E7%A8%8B%E6%8A%80%E6%9C%AF-UTF8.csv
top,JOURNAL OF MATERIALS PROCESSING TECHNOLOGY,0924-0136,,2025中科院大类Top,https://github.com/yuzhounh/Authoritative-Journal-Classification/blob/a5caae3954b49610dd5f357ca8d4a107abee829b/Disciplines/FQBJCR2025-%E5%B7%A5%E7%A8%8B%E6%8A%80%E6%9C%AF-UTF8.csv
top,JOURNAL OF MECHANICAL DESIGN,1050-0472,J MECH DESIGN,学院2019顶级名单,https://bqtq.bit.edu.cn/docs/2019-09/20190928014930986452.pdf
top,JOURNAL OF PROPULSION AND POWER,0748-4658,J PROPUL POWER,学院2019顶级名单,https://bqtq.bit.edu.cn/docs/2019-09/20190928014930986452.pdf
top,JOURNAL OF SOUND AND VIBRATION,0022-460X,J SOUND VIB,学院2019顶级名单,https://bqtq.bit.edu.cn/docs/2019-09/20190928014930986452.pdf
top,LAB ON A CHIP,1473-0197,,2025中科院小类1区,https://github.com/yuzhounh/Authoritative-Journal-Classification/blob/a5caae3954b49610dd5f357ca8d4a107abee829b/Disciplines/FQBJCR2025-%E5%B7%A5%E7%A8%8B%E6%8A%80%E6%9C%AF-UTF8.csv
top,MECHANICAL SYSTEMS AND SIGNAL PROCESSING,0888-3270,MECH SYST SIGNAL PR;MSSP,学院2019顶级名单,https://bqtq.bit.edu.cn/docs/2019-09/20190928014930986452.pdf
top,MECHANISM AND MACHINE THEORY,0094-114X,,机械运载2019顶级名单,https://bqtq.bit.edu.cn/docs/2019-09/20190928014925512317.pdf
top,Microsystems & Nanoengineering,2055-7434,,2025中科院大类Top,https://github.com/yuzhounh/Authoritative-Journal-Classification/blob/a5caae3954b49610dd5f357ca8d4a107abee829b/Disciplines/FQBJCR2025-%E5%B7%A5%E7%A8%8B%E6%8A%80%E6%9C%AF-UTF8.csv
top,MONTHLY NOTICES OF THE ROYAL ASTRONOMICAL SOCIETY,0035-8711,MON NOT R ASTRON SOC,学院2019顶级名单,https://bqtq.bit.edu.cn/docs/2019-09/20190928014930986452.pdf
top,National Science Review,2095-5138,,2025中科院大类Top,https://github.com/yuzhounh/Authoritative-Journal-Classification/blob/a5caae3954b49610dd5f357ca8d4a107abee829b/Disciplines/FQBJCR2025-%E7%BB%BC%E5%90%88%E6%80%A7%E6%9C%9F%E5%88%8A-UTF8.csv
top,NATURE,0028-0836,,2025中科院大类Top,https://github.com/yuzhounh/Authoritative-Journal-Classification/blob/a5caae3954b49610dd5f357ca8d4a107abee829b/Disciplines/FQBJCR2025-%E7%BB%BC%E5%90%88%E6%80%A7%E6%9C%9F%E5%88%8A-UTF8.csv
top,Nature Communications,2041-1723,Nat. Commun.;Nat Commun,2025中科院大类Top,https://github.com/yuzhounh/Authoritative-Journal-Classification/blob/a5caae3954b49610dd5f357ca8d4a107abee829b/Disciplines/FQBJCR2025-%E7%BB%BC%E5%90%88%E6%80%A7%E6%9C%9F%E5%88%8A-UTF8.csv
top,Nature Machine Intelligence,2522-5839,,2025中科院大类Top,https://github.com/yuzhounh/Authoritative-Journal-Classification/blob/a5caae3954b49610dd5f357ca8d4a107abee829b/Disciplines/FQBJCR2025-%E8%AE%A1%E7%AE%97%E6%9C%BA%E7%A7%91%E5%AD%A6-UTF8.csv
top,NATURE MATERIALS,1476-1122,,2025中科院大类Top,https://github.com/yuzhounh/Authoritative-Journal-Classification/blob/a5caae3954b49610dd5f357ca8d4a107abee829b/Disciplines/FQBJCR2025-%E6%9D%90%E6%96%99%E7%A7%91%E5%AD%A6-UTF8.csv
top,Nature Reviews Methods Primers,2662-8449,,2025中科院大类Top,https://github.com/yuzhounh/Authoritative-Journal-Classification/blob/a5caae3954b49610dd5f357ca8d4a107abee829b/Disciplines/FQBJCR2025-%E7%BB%BC%E5%90%88%E6%80%A7%E6%9C%9F%E5%88%8A-UTF8.csv
top,NDT & E International,0963-8695,,机械运载2019顶级名单,https://bqtq.bit.edu.cn/docs/2019-09/20190928014925512317.pdf
top,Optics Express,1094-4087,,机械运载2019顶级名单,https://bqtq.bit.edu.cn/docs/2019-09/20190928014925512317.pdf
top,Optics Letters,0146-9592,,机械运载2019顶级名单,https://bqtq.bit.edu.cn/docs/2019-09/20190928014925512317.pdf
top,PATTERN RECOGNITION,0031-3203,,2025中科院大类Top,https://github.com/yuzhounh/Authoritative-Journal-Classification/blob/a5caae3954b49610dd5f357ca8d4a107abee829b/Disciplines/FQBJCR2025-%E8%AE%A1%E7%AE%97%E6%9C%BA%E7%A7%91%E5%AD%A6-UTF8.csv
top,Photonic Sensors,1674-9251,,2025中科院大类Top,https://github.com/yuzhounh/Authoritative-Journal-Classification/blob/a5caae3954b49610dd5f357ca8d4a107abee829b/Disciplines/FQBJCR2025-%E7%89%A9%E7%90%86%E4%B8%8E%E5%A4%A9%E4%BD%93%E7%89%A9%E7%90%86-UTF8.csv
top,Photonics Research,2327-9125,,机械运载2019顶级名单,https://bqtq.bit.edu.cn/docs/2019-09/20190928014925512317.pdf
top,PLASMA SOURCES SCIENCE & TECHNOLOGY,0963-0252,PLASMA SOURCES SCI T,学院2019顶级名单,https://bqtq.bit.edu.cn/docs/2019-09/20190928014930986452.pdf
top,PRECISION ENGINEERING-JOURNAL OF THE INTERNATIONAL SOCIETIES FOR PRECISION ENGINEERING AND NANOTECHNOLOGY,0141-6359,Precision Engineering,机械运载2019顶级名单,https://bqtq.bit.edu.cn/docs/2019-09/20190928014925512317.pdf
top,PROCEEDINGS OF THE COMBUSTION INSTITUTE,1540-7489,P COMBUST INST,学院2019顶级名单,https://bqtq.bit.edu.cn/docs/2019-09/20190928014930986452.pdf
top,PROCEEDINGS OF THE NATIONAL ACADEMY OF SCIENCES OF THE UNITED STATES OF AMERICA,0027-8424,,2025中科院大类Top,https://github.com/yuzhounh/Authoritative-Journal-Classification/blob/a5caae3954b49610dd5f357ca8d4a107abee829b/Disciplines/FQBJCR2025-%E7%BB%BC%E5%90%88%E6%80%A7%E6%9C%9F%E5%88%8A-UTF8.csv
top,PROGRESS IN AEROSPACE SCIENCES,0376-0421,PROG AEROSP SCI,学院2019顶级名单,https://bqtq.bit.edu.cn/docs/2019-09/20190928014930986452.pdf
top,PROGRESS IN ENERGY AND COMBUSTION SCIENCE,0360-1285,,2025中科院大类Top,https://github.com/yuzhounh/Authoritative-Journal-Classification/blob/a5caae3954b49610dd5f357ca8d4a107abee829b/Disciplines/FQBJCR2025-%E5%B7%A5%E7%A8%8B%E6%8A%80%E6%9C%AF-UTF8.csv
top,Quantitative InfraRed Thermography Journal,1768-6733,,2025中科院小类1区,https://github.com/yuzhounh/Authoritative-Journal-Classification/blob/a5caae3954b49610dd5f357ca8d4a107abee829b/Disciplines/FQBJCR2025-%E5%B7%A5%E7%A8%8B%E6%8A%80%E6%9C%AF-UTF8.csv
top,Research,2096-5168,,2025中科院大类Top,https://github.com/yuzhounh/Authoritative-Journal-Classification/blob/a5caae3954b49610dd5f357ca8d4a107abee829b/Disciplines/FQBJCR2025-%E7%BB%BC%E5%90%88%E6%80%A7%E6%9C%9F%E5%88%8A-UTF8.csv
top,ROBOTICS AND COMPUTER-INTEGRATED MANUFACTURING,0736-5845,RCIM,2025中科院大类Top,https://github.com/yuzhounh/Authoritative-Journal-Classification/blob/a5caae3954b49610dd5f357ca8d4a107abee829b/Disciplines/FQBJCR2025-%E8%AE%A1%E7%AE%97%E6%9C%BA%E7%A7%91%E5%AD%A6-UTF8.csv
top,SCIENCE,0036-8075,,2025中科院大类Top,https://github.com/yuzhounh/Authoritative-Journal-Classification/blob/a5caae3954b49610dd5f357ca8d4a107abee829b/Disciplines/FQBJCR2025-%E7%BB%BC%E5%90%88%E6%80%A7%E6%9C%9F%E5%88%8A-UTF8.csv
top,Science Advances,2375-2548,,2025中科院大类Top,https://github.com/yuzhounh/Authoritative-Journal-Classification/blob/a5caae3954b49610dd5f357ca8d4a107abee829b/Disciplines/FQBJCR2025-%E7%BB%BC%E5%90%88%E6%80%A7%E6%9C%9F%E5%88%8A-UTF8.csv
top,Science Bulletin,2095-9273,,2025中科院大类Top,https://github.com/yuzhounh/Authoritative-Journal-Classification/blob/a5caae3954b49610dd5f357ca8d4a107abee829b/Disciplines/FQBJCR2025-%E7%BB%BC%E5%90%88%E6%80%A7%E6%9C%9F%E5%88%8A-UTF8.csv
top,Science China Information Sciences,1674-733X,SCIENCE CHINA-INFORMATION SCIENCES,2025中科院大类Top,https://github.com/yuzhounh/Authoritative-Journal-Classification/blob/a5caae3954b49610dd5f357ca8d4a107abee829b/Disciplines/FQBJCR2025-%E8%AE%A1%E7%AE%97%E6%9C%BA%E7%A7%91%E5%AD%A6-UTF8.csv
top,Science China-Technological Sciences,1674-7321,Science China Technological Sciences,2025中科院大类Top,https://github.com/yuzhounh/Authoritative-Journal-Classification/blob/a5caae3954b49610dd5f357ca8d4a107abee829b/Disciplines/FQBJCR2025-%E5%B7%A5%E7%A8%8B%E6%8A%80%E6%9C%AF-UTF8.csv
top,Science Robotics,2470-9476,Sci. Robot.;Sci Robot,2025中科院大类Top,https://github.com/yuzhounh/Authoritative-Journal-Classification/blob/a5caae3954b49610dd5f357ca8d4a107abee829b/Disciplines/FQBJCR2025-%E8%AE%A1%E7%AE%97%E6%9C%BA%E7%A7%91%E5%AD%A6-UTF8.csv
top,SENSORS AND ACTUATORS B-CHEMICAL,0925-4005,,2025中科院大类Top,https://github.com/yuzhounh/Authoritative-Journal-Classification/blob/a5caae3954b49610dd5f357ca8d4a107abee829b/Disciplines/FQBJCR2025-%E5%8C%96%E5%AD%A6-UTF8.csv
top,Small,1613-6810,,2025中科院大类Top,https://github.com/yuzhounh/Authoritative-Journal-Classification/blob/a5caae3954b49610dd5f357ca8d4a107abee829b/Disciplines/FQBJCR2025-%E6%9D%90%E6%96%99%E7%A7%91%E5%AD%A6-UTF8.csv
top,Space: Science & Technology,2692-7659,,2025中科院大类Top,https://github.com/yuzhounh/Authoritative-Journal-Classification/blob/a5caae3954b49610dd5f357ca8d4a107abee829b/Disciplines/FQBJCR2025-%E7%89%A9%E7%90%86%E4%B8%8E%E5%A4%A9%E4%BD%93%E7%89%A9%E7%90%86-UTF8.csv
top,STRUCTURAL AND MULTIDISCIPLINARY OPTIMIZATION,1615-147X,STRUCT MULTIDISCIP O,学院2019顶级名单,https://bqtq.bit.edu.cn/docs/2019-09/20190928014930986452.pdf
top,THEORETICAL AND APPLIED FRACTURE MECHANICS,0167-8442,,2025中科院大类Top,https://github.com/yuzhounh/Authoritative-Journal-Classification/blob/a5caae3954b49610dd5f357ca8d4a107abee829b/Disciplines/FQBJCR2025-%E5%B7%A5%E7%A8%8B%E6%8A%80%E6%9C%AF-UTF8.csv
top,THIN-WALLED STRUCTURES,0263-8231,,2025中科院大类Top,https://github.com/yuzhounh/Authoritative-Journal-Classification/blob/a5caae3954b49610dd5f357ca8d4a107abee829b/Disciplines/FQBJCR2025-%E5%B7%A5%E7%A8%8B%E6%8A%80%E6%9C%AF-UTF8.csv
top,Tribology International,0301-679X,,机械运载2019顶级名单,https://bqtq.bit.edu.cn/docs/2019-09/20190928014925512317.pdf
top,VEHICLE SYSTEM DYNAMICS,0042-3114,,机械运载2019顶级名单,https://bqtq.bit.edu.cn/docs/2019-09/20190928014925512317.pdf
top,Virtual and Physical Prototyping,1745-2759,,2025中科院大类Top,https://github.com/yuzhounh/Authoritative-Journal-Classification/blob/a5caae3954b49610dd5f357ca8d4a107abee829b/Disciplines/FQBJCR2025-%E5%B7%A5%E7%A8%8B%E6%8A%80%E6%9C%AF-UTF8.csv
top,WEAR,0043-1648,,机械运载2019顶级名单,https://bqtq.bit.edu.cn/docs/2019-09/20190928014925512317.pdf
important,ACM Transactions on Human-Robot Interaction,2573-9522,,2025中科院小类2或3区,https://github.com/yuzhounh/Authoritative-Journal-Classification/blob/a5caae3954b49610dd5f357ca8d4a107abee829b/Disciplines/FQBJCR2025-%E8%AE%A1%E7%AE%97%E6%9C%BA%E7%A7%91%E5%AD%A6-UTF8.csv
important,ACTA MECHANICA SINICA,0567-7718,,2025中科院小类2或3区,https://github.com/yuzhounh/Authoritative-Journal-Classification/blob/a5caae3954b49610dd5f357ca8d4a107abee829b/Disciplines/FQBJCR2025-%E5%B7%A5%E7%A8%8B%E6%8A%80%E6%9C%AF-UTF8.csv
important,Actuators,2076-0825,,2025中科院小类2或3区,https://github.com/yuzhounh/Authoritative-Journal-Classification/blob/a5caae3954b49610dd5f357ca8d4a107abee829b/Disciplines/FQBJCR2025-%E5%B7%A5%E7%A8%8B%E6%8A%80%E6%9C%AF-UTF8.csv
important,Additive Manufacturing Letters,2772-3690,,2025中科院小类2或3区,https://github.com/yuzhounh/Authoritative-Journal-Classification/blob/a5caae3954b49610dd5f357ca8d4a107abee829b/Disciplines/FQBJCR2025-%E6%9D%90%E6%96%99%E7%A7%91%E5%AD%A6-UTF8.csv
important,Advanced Intelligent Systems,2640-4567,Adv. Intell. Syst.,2025中科院小类2或3区,https://github.com/yuzhounh/Authoritative-Journal-Classification/blob/a5caae3954b49610dd5f357ca8d4a107abee829b/Disciplines/FQBJCR2025-%E8%AE%A1%E7%AE%97%E6%9C%BA%E7%A7%91%E5%AD%A6-UTF8.csv
important,Advances in Aerodynamics,2524-6992,,2025中科院小类2或3区,https://github.com/yuzhounh/Authoritative-Journal-Classification/blob/a5caae3954b49610dd5f357ca8d4a107abee829b/Disciplines/FQBJCR2025-%E5%B7%A5%E7%A8%8B%E6%8A%80%E6%9C%AF-UTF8.csv
important,Advances in Manufacturing,2095-3127,,2025中科院小类2或3区,https://github.com/yuzhounh/Authoritative-Journal-Classification/blob/a5caae3954b49610dd5f357ca8d4a107abee829b/Disciplines/FQBJCR2025-%E5%B7%A5%E7%A8%8B%E6%8A%80%E6%9C%AF-UTF8.csv
important,Advances in Production Engineering & Management,1854-6250,,2025中科院小类2或3区,https://github.com/yuzhounh/Authoritative-Journal-Classification/blob/a5caae3954b49610dd5f357ca8d4a107abee829b/Disciplines/FQBJCR2025-%E5%B7%A5%E7%A8%8B%E6%8A%80%E6%9C%AF-UTF8.csv
important,AEROSOL SCIENCE AND TECHNOLOGY,0278-6826,,2025中科院小类2或3区,https://github.com/yuzhounh/Authoritative-Journal-Classification/blob/a5caae3954b49610dd5f357ca8d4a107abee829b/Disciplines/FQBJCR2025-%E7%8E%AF%E5%A2%83%E7%A7%91%E5%AD%A6%E4%B8%8E%E7%94%9F%E6%80%81%E5%AD%A6-UTF8.csv
important,Aerospace,2226-4310,,2025中科院小类2或3区,https://github.com/yuzhounh/Authoritative-Journal-Classification/blob/a5caae3954b49610dd5f357ca8d4a107abee829b/Disciplines/FQBJCR2025-%E5%B7%A5%E7%A8%8B%E6%8A%80%E6%9C%AF-UTF8.csv
important,AI EDAM-ARTIFICIAL INTELLIGENCE FOR ENGINEERING DESIGN ANALYSIS AND MANUFACTURING,0890-0604,,2025中科院小类2或3区,https://github.com/yuzhounh/Authoritative-Journal-Classification/blob/a5caae3954b49610dd5f357ca8d4a107abee829b/Disciplines/FQBJCR2025-%E5%B7%A5%E7%A8%8B%E6%8A%80%E6%9C%AF-UTF8.csv
important,ANNALS OF THE NEW YORK ACADEMY OF SCIENCES,0077-8923,,2025中科院小类2或3区,https://github.com/yuzhounh/Authoritative-Journal-Classification/blob/a5caae3954b49610dd5f357ca8d4a107abee829b/Disciplines/FQBJCR2025-%E7%BB%BC%E5%90%88%E6%80%A7%E6%9C%9F%E5%88%8A-UTF8.csv
important,ANNUAL REVIEWS IN CONTROL,1367-5788,,2025中科院小类2或3区,https://github.com/yuzhounh/Authoritative-Journal-Classification/blob/a5caae3954b49610dd5f357ca8d4a107abee829b/Disciplines/FQBJCR2025-%E8%AE%A1%E7%AE%97%E6%9C%BA%E7%A7%91%E5%AD%A6-UTF8.csv
important,Applications in Energy and Combustion Science,2666-352X,,2025中科院小类2或3区,https://github.com/yuzhounh/Authoritative-Journal-Classification/blob/a5caae3954b49610dd5f357ca8d4a107abee829b/Disciplines/FQBJCR2025-%E5%B7%A5%E7%A8%8B%E6%8A%80%E6%9C%AF-UTF8.csv
important,APPLIED SPECTROSCOPY,0003-7028,,2025中科院小类2或3区,https://github.com/yuzhounh/Authoritative-Journal-Classification/blob/a5caae3954b49610dd5f357ca8d4a107abee829b/Disciplines/FQBJCR2025-%E5%8C%96%E5%AD%A6-UTF8.csv
important,Archives of Civil and Mechanical Engineering,1644-9665,,2025中科院小类2或3区,https://github.com/yuzhounh/Authoritative-Journal-Classification/blob/a5caae3954b49610dd5f357ca8d4a107abee829b/Disciplines/FQBJCR2025-%E5%B7%A5%E7%A8%8B%E6%8A%80%E6%9C%AF-UTF8.csv
important,ASIAN JOURNAL OF CONTROL,1561-8625,,2025中科院小类2或3区,https://github.com/yuzhounh/Authoritative-Journal-Classification/blob/a5caae3954b49610dd5f357ca8d4a107abee829b/Disciplines/FQBJCR2025-%E8%AE%A1%E7%AE%97%E6%9C%BA%E7%A7%91%E5%AD%A6-UTF8.csv
important,ASME Journal of Heat and Mass Transfer,2832-8450,,2025中科院小类2或3区,https://github.com/yuzhounh/Authoritative-Journal-Classification/blob/a5caae3954b49610dd5f357ca8d4a107abee829b/Disciplines/FQBJCR2025-%E5%B7%A5%E7%A8%8B%E6%8A%80%E6%9C%AF-UTF8.csv
important,Astrodynamics,2522-008X,,2025中科院小类2或3区,https://github.com/yuzhounh/Authoritative-Journal-Classification/blob/a5caae3954b49610dd5f357ca8d4a107abee829b/Disciplines/FQBJCR2025-%E7%89%A9%E7%90%86%E4%B8%8E%E5%A4%A9%E4%BD%93%E7%89%A9%E7%90%86-UTF8.csv
important,Automotive Innovation,2096-4250,,2025中科院小类2或3区,https://github.com/yuzhounh/Authoritative-Journal-Classification/blob/a5caae3954b49610dd5f357ca8d4a107abee829b/Disciplines/FQBJCR2025-%E5%B7%A5%E7%A8%8B%E6%8A%80%E6%9C%AF-UTF8.csv
important,AUTONOMOUS AGENTS AND MULTI-AGENT SYSTEMS,1387-2532,,2025中科院小类2或3区,https://github.com/yuzhounh/Authoritative-Journal-Classification/blob/a5caae3954b49610dd5f357ca8d4a107abee829b/Disciplines/FQBJCR2025-%E8%AE%A1%E7%AE%97%E6%9C%BA%E7%A7%91%E5%AD%A6-UTF8.csv
important,AUTONOMOUS ROBOTS,0929-5593,,2025中科院小类2或3区,https://github.com/yuzhounh/Authoritative-Journal-Classification/blob/a5caae3954b49610dd5f357ca8d4a107abee829b/Disciplines/FQBJCR2025-%E8%AE%A1%E7%AE%97%E6%9C%BA%E7%A7%91%E5%AD%A6-UTF8.csv
important,Bioinspiration & Biomimetics,1748-3182,,2025中科院小类2或3区,https://github.com/yuzhounh/Authoritative-Journal-Classification/blob/a5caae3954b49610dd5f357ca8d4a107abee829b/Disciplines/FQBJCR2025-%E8%AE%A1%E7%AE%97%E6%9C%BA%E7%A7%91%E5%AD%A6-UTF8.csv
important,Biosensors-Basel,2079-6374,,2025中科院小类2或3区,https://github.com/yuzhounh/Authoritative-Journal-Classification/blob/a5caae3954b49610dd5f357ca8d4a107abee829b/Disciplines/FQBJCR2025-%E5%B7%A5%E7%A8%8B%E6%8A%80%E6%9C%AF-UTF8.csv
important,Cell Reports Physical Science,2666-3864,,2025中科院小类2或3区,https://github.com/yuzhounh/Authoritative-Journal-Classification/blob/a5caae3954b49610dd5f357ca8d4a107abee829b/Disciplines/FQBJCR2025-%E7%BB%BC%E5%90%88%E6%80%A7%E6%9C%9F%E5%88%8A-UTF8.csv
important,CHEMOMETRICS AND INTELLIGENT LABORATORY SYSTEMS,0169-7439,,2025中科院小类2或3区,https://github.com/yuzhounh/Authoritative-Journal-Classification/blob/a5caae3954b49610dd5f357ca8d4a107abee829b/Disciplines/FQBJCR2025-%E5%8C%96%E5%AD%A6-UTF8.csv
important,Chemosensors,2227-9040,,2025中科院小类2或3区,https://github.com/yuzhounh/Authoritative-Journal-Classification/blob/a5caae3954b49610dd5f357ca8d4a107abee829b/Disciplines/FQBJCR2025-%E5%8C%96%E5%AD%A6-UTF8.csv
important,CHINA OCEAN ENGINEERING,0890-5487,,2025中科院小类2或3区,https://github.com/yuzhounh/Authoritative-Journal-Classification/blob/a5caae3954b49610dd5f357ca8d4a107abee829b/Disciplines/FQBJCR2025-%E5%B7%A5%E7%A8%8B%E6%8A%80%E6%9C%AF-UTF8.csv
important,Chinese Journal of Mechanical Engineering,1000-9345,,2025中科院小类2或3区,https://github.com/yuzhounh/Authoritative-Journal-Classification/blob/a5caae3954b49610dd5f357ca8d4a107abee829b/Disciplines/FQBJCR2025-%E5%B7%A5%E7%A8%8B%E6%8A%80%E6%9C%AF-UTF8.csv
important,Chinese Space Science and Technology,1000-758X,,2025中科院小类2或3区,https://github.com/yuzhounh/Authoritative-Journal-Classification/blob/a5caae3954b49610dd5f357ca8d4a107abee829b/Disciplines/FQBJCR2025-%E5%B7%A5%E7%A8%8B%E6%8A%80%E6%9C%AF-UTF8.csv
important,CIRP Journal of Manufacturing Science and Technology,1755-5817,,2025中科院小类2或3区,https://github.com/yuzhounh/Authoritative-Journal-Classification/blob/a5caae3954b49610dd5f357ca8d4a107abee829b/Disciplines/FQBJCR2025-%E5%B7%A5%E7%A8%8B%E6%8A%80%E6%9C%AF-UTF8.csv
important,COLOR RESEARCH AND APPLICATION,0361-2317,,2025中科院小类2或3区,https://github.com/yuzhounh/Authoritative-Journal-Classification/blob/a5caae3954b49610dd5f357ca8d4a107abee829b/Disciplines/FQBJCR2025-%E5%B7%A5%E7%A8%8B%E6%8A%80%E6%9C%AF-UTF8.csv
important,COMPUTER VISION AND IMAGE UNDERSTANDING,1077-3142,,2025中科院小类2或3区,https://github.com/yuzhounh/Authoritative-Journal-Classification/blob/a5caae3954b49610dd5f357ca8d4a107abee829b/Disciplines/FQBJCR2025-%E8%AE%A1%E7%AE%97%E6%9C%BA%E7%A7%91%E5%AD%A6-UTF8.csv
important,CONTROL ENGINEERING PRACTICE,0967-0661,,2025中科院小类2或3区,https://github.com/yuzhounh/Authoritative-Journal-Classification/blob/a5caae3954b49610dd5f357ca8d4a107abee829b/Disciplines/FQBJCR2025-%E8%AE%A1%E7%AE%97%E6%9C%BA%E7%A7%91%E5%AD%A6-UTF8.csv
important,Design Science,2053-4701,,2025中科院小类2或3区,https://github.com/yuzhounh/Authoritative-Journal-Classification/blob/a5caae3954b49610dd5f357ca8d4a107abee829b/Disciplines/FQBJCR2025-%E5%B7%A5%E7%A8%8B%E6%8A%80%E6%9C%AF-UTF8.csv
important,DISPLAYS,0141-9382,,2025中科院小类2或3区,https://github.com/yuzhounh/Authoritative-Journal-Classification/blob/a5caae3954b49610dd5f357ca8d4a107abee829b/Disciplines/FQBJCR2025-%E8%AE%A1%E7%AE%97%E6%9C%BA%E7%A7%91%E5%AD%A6-UTF8.csv
important,DRYING TECHNOLOGY,0737-3937,,2025中科院小类2或3区,https://github.com/yuzhounh/Authoritative-Journal-Classification/blob/a5caae3954b49610dd5f357ca8d4a107abee829b/Disciplines/FQBJCR2025-%E5%B7%A5%E7%A8%8B%E6%8A%80%E6%9C%AF-UTF8.csv
important,EUROPEAN JOURNAL OF CONTROL,0947-3580,,2025中科院小类2或3区,https://github.com/yuzhounh/Authoritative-Journal-Classification/blob/a5caae3954b49610dd5f357ca8d4a107abee829b/Disciplines/FQBJCR2025-%E8%AE%A1%E7%AE%97%E6%9C%BA%E7%A7%91%E5%AD%A6-UTF8.csv
important,EXPERIMENTAL HEAT TRANSFER,0891-6152,,2025中科院小类2或3区,https://github.com/yuzhounh/Authoritative-Journal-Classification/blob/a5caae3954b49610dd5f357ca8d4a107abee829b/Disciplines/FQBJCR2025-%E5%B7%A5%E7%A8%8B%E6%8A%80%E6%9C%AF-UTF8.csv
important,EXPERIMENTS IN FLUIDS,0723-4864,,2025中科院小类2或3区,https://github.com/yuzhounh/Authoritative-Journal-Classification/blob/a5caae3954b49610dd5f357ca8d4a107abee829b/Disciplines/FQBJCR2025-%E5%B7%A5%E7%A8%8B%E6%8A%80%E6%9C%AF-UTF8.csv
important,Facets,2371-1671,,2025中科院小类2或3区,https://github.com/yuzhounh/Authoritative-Journal-Classification/blob/a5caae3954b49610dd5f357ca8d4a107abee829b/Disciplines/FQBJCR2025-%E7%BB%BC%E5%90%88%E6%80%A7%E6%9C%9F%E5%88%8A-UTF8.csv
important,FATIGUE & FRACTURE OF ENGINEERING MATERIALS & STRUCTURES,8756-758X,,2025中科院小类2或3区,https://github.com/yuzhounh/Authoritative-Journal-Classification/blob/a5caae3954b49610dd5f357ca8d4a107abee829b/Disciplines/FQBJCR2025-%E6%9D%90%E6%96%99%E7%A7%91%E5%AD%A6-UTF8.csv
important,FLOW MEASUREMENT AND INSTRUMENTATION,0955-5986,,2025中科院小类2或3区,https://github.com/yuzhounh/Authoritative-Journal-Classification/blob/a5caae3954b49610dd5f357ca8d4a107abee829b/Disciplines/FQBJCR2025-%E5%B7%A5%E7%A8%8B%E6%8A%80%E6%9C%AF-UTF8.csv
important,Forecasting,2571-9394,,2025中科院小类2或3区,https://github.com/yuzhounh/Authoritative-Journal-Classification/blob/a5caae3954b49610dd5f357ca8d4a107abee829b/Disciplines/FQBJCR2025-%E7%BB%BC%E5%90%88%E6%80%A7%E6%9C%9F%E5%88%8A-UTF8.csv
important,Frontiers of Mechanical Engineering,2095-0233,,2025中科院小类2或3区,https://github.com/yuzhounh/Authoritative-Journal-Classification/blob/a5caae3954b49610dd5f357ca8d4a107abee829b/Disciplines/FQBJCR2025-%E5%B7%A5%E7%A8%8B%E6%8A%80%E6%9C%AF-UTF8.csv
important,Fundamental Research,2096-9457,,2025中科院小类2或3区,https://github.com/yuzhounh/Authoritative-Journal-Classification/blob/a5caae3954b49610dd5f357ca8d4a107abee829b/Disciplines/FQBJCR2025-%E7%BB%BC%E5%90%88%E6%80%A7%E6%9C%9F%E5%88%8A-UTF8.csv
important,IEEE AEROSPACE AND ELECTRONIC SYSTEMS MAGAZINE,0885-8985,,2025中科院小类2或3区,https://github.com/yuzhounh/Authoritative-Journal-Classification/blob/a5caae3954b49610dd5f357ca8d4a107abee829b/Disciplines/FQBJCR2025-%E5%B7%A5%E7%A8%8B%E6%8A%80%E6%9C%AF-UTF8.csv
important,IEEE Control Systems Letters,2475-1456,,2025中科院小类2或3区,https://github.com/yuzhounh/Authoritative-Journal-Classification/blob/a5caae3954b49610dd5f357ca8d4a107abee829b/Disciplines/FQBJCR2025-%E8%AE%A1%E7%AE%97%E6%9C%BA%E7%A7%91%E5%AD%A6-UTF8.csv
important,IEEE CONTROL SYSTEMS MAGAZINE,1066-033X,,2025中科院小类2或3区,https://github.com/yuzhounh/Authoritative-Journal-Classification/blob/a5caae3954b49610dd5f357ca8d4a107abee829b/Disciplines/FQBJCR2025-%E8%AE%A1%E7%AE%97%E6%9C%BA%E7%A7%91%E5%AD%A6-UTF8.csv
important,IEEE ROBOTICS & AUTOMATION MAGAZINE,1070-9932,,2025中科院小类2或3区,https://github.com/yuzhounh/Authoritative-Journal-Classification/blob/a5caae3954b49610dd5f357ca8d4a107abee829b/Disciplines/FQBJCR2025-%E8%AE%A1%E7%AE%97%E6%9C%BA%E7%A7%91%E5%AD%A6-UTF8.csv
important,IEEE Robotics and Automation Letters,2377-3766,RA-L;RAL;IEEE RA-L,2025中科院小类2或3区,https://github.com/yuzhounh/Authoritative-Journal-Classification/blob/a5caae3954b49610dd5f357ca8d4a107abee829b/Disciplines/FQBJCR2025-%E8%AE%A1%E7%AE%97%E6%9C%BA%E7%A7%91%E5%AD%A6-UTF8.csv
important,IEEE SENSORS JOURNAL,1530-437X,,2025中科院小类2或3区,https://github.com/yuzhounh/Authoritative-Journal-Classification/blob/a5caae3954b49610dd5f357ca8d4a107abee829b/Disciplines/FQBJCR2025-%E7%BB%BC%E5%90%88%E6%80%A7%E6%9C%9F%E5%88%8A-UTF8.csv
important,IEEE Transactions on Automation Science and Engineering,1545-5955,,2025中科院小类2或3区,https://github.com/yuzhounh/Authoritative-Journal-Classification/blob/a5caae3954b49610dd5f357ca8d4a107abee829b/Disciplines/FQBJCR2025-%E8%AE%A1%E7%AE%97%E6%9C%BA%E7%A7%91%E5%AD%A6-UTF8.csv
important,IEEE Transactions on Cognitive and Developmental Systems,2379-8920,,2025中科院小类2或3区,https://github.com/yuzhounh/Authoritative-Journal-Classification/blob/a5caae3954b49610dd5f357ca8d4a107abee829b/Disciplines/FQBJCR2025-%E8%AE%A1%E7%AE%97%E6%9C%BA%E7%A7%91%E5%AD%A6-UTF8.csv
important,IEEE Transactions on Components Packaging and Manufacturing Technology,2156-3950,,2025中科院小类2或3区,https://github.com/yuzhounh/Authoritative-Journal-Classification/blob/a5caae3954b49610dd5f357ca8d4a107abee829b/Disciplines/FQBJCR2025-%E5%B7%A5%E7%A8%8B%E6%8A%80%E6%9C%AF-UTF8.csv
important,IEEE Transactions on Computational Imaging,2573-0436,,2025中科院小类2或3区,https://github.com/yuzhounh/Authoritative-Journal-Classification/blob/a5caae3954b49610dd5f357ca8d4a107abee829b/Disciplines/FQBJCR2025-%E8%AE%A1%E7%AE%97%E6%9C%BA%E7%A7%91%E5%AD%A6-UTF8.csv
important,IEEE Transactions on Control of Network Systems,2325-5870,,2025中科院小类2或3区,https://github.com/yuzhounh/Authoritative-Journal-Classification/blob/a5caae3954b49610dd5f357ca8d4a107abee829b/Disciplines/FQBJCR2025-%E8%AE%A1%E7%AE%97%E6%9C%BA%E7%A7%91%E5%AD%A6-UTF8.csv
important,IEEE Transactions on Haptics,1939-1412,,2025中科院小类2或3区,https://github.com/yuzhounh/Authoritative-Journal-Classification/blob/a5caae3954b49610dd5f357ca8d4a107abee829b/Disciplines/FQBJCR2025-%E8%AE%A1%E7%AE%97%E6%9C%BA%E7%A7%91%E5%AD%A6-UTF8.csv
important,IEEE TRANSACTIONS ON INSTRUMENTATION AND MEASUREMENT,0018-9456,,2025中科院小类2或3区,https://github.com/yuzhounh/Authoritative-Journal-Classification/blob/a5caae3954b49610dd5f357ca8d4a107abee829b/Disciplines/FQBJCR2025-%E5%B7%A5%E7%A8%8B%E6%8A%80%E6%9C%AF-UTF8.csv
important,IEEE TRANSACTIONS ON SEMICONDUCTOR MANUFACTURING,0894-6507,,2025中科院小类2或3区,https://github.com/yuzhounh/Authoritative-Journal-Classification/blob/a5caae3954b49610dd5f357ca8d4a107abee829b/Disciplines/FQBJCR2025-%E5%B7%A5%E7%A8%8B%E6%8A%80%E6%9C%AF-UTF8.csv
important,IMAGE AND VISION COMPUTING,0262-8856,,2025中科院小类2或3区,https://github.com/yuzhounh/Authoritative-Journal-Classification/blob/a5caae3954b49610dd5f357ca8d4a107abee829b/Disciplines/FQBJCR2025-%E8%AE%A1%E7%AE%97%E6%9C%BA%E7%A7%91%E5%AD%A6-UTF8.csv
important,INFRARED PHYSICS & TECHNOLOGY,1350-4495,,2025中科院小类2或3区,https://github.com/yuzhounh/Authoritative-Journal-Classification/blob/a5caae3954b49610dd5f357ca8d4a107abee829b/Disciplines/FQBJCR2025-%E7%89%A9%E7%90%86%E4%B8%8E%E5%A4%A9%E4%BD%93%E7%89%A9%E7%90%86-UTF8.csv
important,International Journal of Aeroacoustics,1475-472X,,2025中科院小类2或3区,https://github.com/yuzhounh/Authoritative-Journal-Classification/blob/a5caae3954b49610dd5f357ca8d4a107abee829b/Disciplines/FQBJCR2025-%E5%B7%A5%E7%A8%8B%E6%8A%80%E6%9C%AF-UTF8.csv
important,INTERNATIONAL JOURNAL OF COMPUTER INTEGRATED MANUFACTURING,0951-192X,,2025中科院小类2或3区,https://github.com/yuzhounh/Authoritative-Journal-Classification/blob/a5caae3954b49610dd5f357ca8d4a107abee829b/Disciplines/FQBJCR2025-%E5%B7%A5%E7%A8%8B%E6%8A%80%E6%9C%AF-UTF8.csv
important,INTERNATIONAL JOURNAL OF COMPUTER VISION,0920-5691,,2025中科院小类2或3区,https://github.com/yuzhounh/Authoritative-Journal-Classification/blob/a5caae3954b49610dd5f357ca8d4a107abee829b/Disciplines/FQBJCR2025-%E8%AE%A1%E7%AE%97%E6%9C%BA%E7%A7%91%E5%AD%A6-UTF8.csv
important,International Journal of Design,1991-3761,,2025中科院小类2或3区,https://github.com/yuzhounh/Authoritative-Journal-Classification/blob/a5caae3954b49610dd5f357ca8d4a107abee829b/Disciplines/FQBJCR2025-%E5%B7%A5%E7%A8%8B%E6%8A%80%E6%9C%AF-UTF8.csv
important,International Journal of Fuzzy Systems,1562-2479,,2025中科院小类2或3区,https://github.com/yuzhounh/Authoritative-Journal-Classification/blob/a5caae3954b49610dd5f357ca8d4a107abee829b/Disciplines/FQBJCR2025-%E8%AE%A1%E7%AE%97%E6%9C%BA%E7%A7%91%E5%AD%A6-UTF8.csv
important,INTERNATIONAL JOURNAL OF HEAT AND FLUID FLOW,0142-727X,,2025中科院小类2或3区,https://github.com/yuzhounh/Authoritative-Journal-Classification/blob/a5caae3954b49610dd5f357ca8d4a107abee829b/Disciplines/FQBJCR2025-%E5%B7%A5%E7%A8%8B%E6%8A%80%E6%9C%AF-UTF8.csv
important,International Journal of Material Forming,1960-6206,,2025中科院小类2或3区,https://github.com/yuzhounh/Authoritative-Journal-Classification/blob/a5caae3954b49610dd5f357ca8d4a107abee829b/Disciplines/FQBJCR2025-%E6%9D%90%E6%96%99%E7%A7%91%E5%AD%A6-UTF8.csv
important,International Journal of Mechanical System Dynamics,2767-1399,,2025中科院小类2或3区,https://github.com/yuzhounh/Authoritative-Journal-Classification/blob/a5caae3954b49610dd5f357ca8d4a107abee829b/Disciplines/FQBJCR2025-%E5%B7%A5%E7%A8%8B%E6%8A%80%E6%9C%AF-UTF8.csv
important,International Journal of Mechanics and Materials in Design,1569-1713,,2025中科院小类2或3区,https://github.com/yuzhounh/Authoritative-Journal-Classification/blob/a5caae3954b49610dd5f357ca8d4a107abee829b/Disciplines/FQBJCR2025-%E6%9D%90%E6%96%99%E7%A7%91%E5%AD%A6-UTF8.csv
important,International Journal of Micro Air Vehicles,1756-8293,,2025中科院小类2或3区,https://github.com/yuzhounh/Authoritative-Journal-Classification/blob/a5caae3954b49610dd5f357ca8d4a107abee829b/Disciplines/FQBJCR2025-%E5%B7%A5%E7%A8%8B%E6%8A%80%E6%9C%AF-UTF8.csv
important,International Journal of Optomechatronics,1559-9612,,2025中科院小类2或3区,https://github.com/yuzhounh/Authoritative-Journal-Classification/blob/a5caae3954b49610dd5f357ca8d4a107abee829b/Disciplines/FQBJCR2025-%E5%B7%A5%E7%A8%8B%E6%8A%80%E6%9C%AF-UTF8.csv
important,International Journal of Precision Engineering and Manufacturing,2234-7593,,2025中科院小类2或3区,https://github.com/yuzhounh/Authoritative-Journal-Classification/blob/a5caae3954b49610dd5f357ca8d4a107abee829b/Disciplines/FQBJCR2025-%E5%B7%A5%E7%A8%8B%E6%8A%80%E6%9C%AF-UTF8.csv
important,International Journal of Precision Engineering and Manufacturing-Green Technology,2288-6206,,2025中科院小类2或3区,https://github.com/yuzhounh/Authoritative-Journal-Classification/blob/a5caae3954b49610dd5f357ca8d4a107abee829b/Disciplines/FQBJCR2025-%E5%B7%A5%E7%A8%8B%E6%8A%80%E6%9C%AF-UTF8.csv
important,INTERNATIONAL JOURNAL OF PRESSURE VESSELS AND PIPING,0308-0161,,2025中科院小类2或3区,https://github.com/yuzhounh/Authoritative-Journal-Classification/blob/a5caae3954b49610dd5f357ca8d4a107abee829b/Disciplines/FQBJCR2025-%E5%B7%A5%E7%A8%8B%E6%8A%80%E6%9C%AF-UTF8.csv
important,INTERNATIONAL JOURNAL OF REFRIGERATION,0140-7007,,2025中科院小类2或3区,https://github.com/yuzhounh/Authoritative-Journal-Classification/blob/a5caae3954b49610dd5f357ca8d4a107abee829b/Disciplines/FQBJCR2025-%E5%B7%A5%E7%A8%8B%E6%8A%80%E6%9C%AF-UTF8.csv
important,INTERNATIONAL JOURNAL OF ROBUST AND NONLINEAR CONTROL,1049-8923,,2025中科院小类2或3区,https://github.com/yuzhounh/Authoritative-Journal-Classification/blob/a5caae3954b49610dd5f357ca8d4a107abee829b/Disciplines/FQBJCR2025-%E8%AE%A1%E7%AE%97%E6%9C%BA%E7%A7%91%E5%AD%A6-UTF8.csv
important,International Journal of Simulation Modelling,1726-4529,,2025中科院小类2或3区,https://github.com/yuzhounh/Authoritative-Journal-Classification/blob/a5caae3954b49610dd5f357ca8d4a107abee829b/Disciplines/FQBJCR2025-%E5%B7%A5%E7%A8%8B%E6%8A%80%E6%9C%AF-UTF8.csv
important,International Journal of Social Robotics,1875-4791,,2025中科院小类2或3区,https://github.com/yuzhounh/Authoritative-Journal-Classification/blob/a5caae3954b49610dd5f357ca8d4a107abee829b/Disciplines/FQBJCR2025-%E8%AE%A1%E7%AE%97%E6%9C%BA%E7%A7%91%E5%AD%A6-UTF8.csv
important,International Journal of Structural Stability and Dynamics,0219-4554,,2025中科院小类2或3区,https://github.com/yuzhounh/Authoritative-Journal-Classification/blob/a5caae3954b49610dd5f357ca8d4a107abee829b/Disciplines/FQBJCR2025-%E5%B7%A5%E7%A8%8B%E6%8A%80%E6%9C%AF-UTF8.csv
important,INTERNATIONAL JOURNAL OF THERMAL SCIENCES,1290-0729,,2025中科院小类2或3区,https://github.com/yuzhounh/Authoritative-Journal-Classification/blob/a5caae3954b49610dd5f357ca8d4a107abee829b/Disciplines/FQBJCR2025-%E5%B7%A5%E7%A8%8B%E6%8A%80%E6%9C%AF-UTF8.csv
important,International Journal of Turbomachinery Propulsion and Power,2504-186X,,2025中科院小类2或3区,https://github.com/yuzhounh/Authoritative-Journal-Classification/blob/a5caae3954b49610dd5f357ca8d4a107abee829b/Disciplines/FQBJCR2025-%E5%B7%A5%E7%A8%8B%E6%8A%80%E6%9C%AF-UTF8.csv
important,iScience,2589-0042,,2025中科院小类2或3区,https://github.com/yuzhounh/Authoritative-Journal-Classification/blob/a5caae3954b49610dd5f357ca8d4a107abee829b/Disciplines/FQBJCR2025-%E7%BB%BC%E5%90%88%E6%80%A7%E6%9C%9F%E5%88%8A-UTF8.csv
important,JOURNAL OF AEROSOL SCIENCE,0021-8502,,2025中科院小类2或3区,https://github.com/yuzhounh/Authoritative-Journal-Classification/blob/a5caae3954b49610dd5f357ca8d4a107abee829b/Disciplines/FQBJCR2025-%E7%8E%AF%E5%A2%83%E7%A7%91%E5%AD%A6%E4%B8%8E%E7%94%9F%E6%80%81%E5%AD%A6-UTF8.csv
important,JOURNAL OF AIRCRAFT,0021-8669,,2025中科院小类2或3区,https://github.com/yuzhounh/Authoritative-Journal-Classification/blob/a5caae3954b49610dd5f357ca8d4a107abee829b/Disciplines/FQBJCR2025-%E5%B7%A5%E7%A8%8B%E6%8A%80%E6%9C%AF-UTF8.csv
important,Journal of Bionic Engineering,1672-6529,,2025中科院小类2或3区,https://github.com/yuzhounh/Authoritative-Journal-Classification/blob/a5caae3954b49610dd5f357ca8d4a107abee829b/Disciplines/FQBJCR2025-%E8%AE%A1%E7%AE%97%E6%9C%BA%E7%A7%91%E5%AD%A6-UTF8.csv
important,JOURNAL OF ENGINEERING MECHANICS,0733-9399,,2025中科院小类2或3区,https://github.com/yuzhounh/Authoritative-Journal-Classification/blob/a5caae3954b49610dd5f357ca8d4a107abee829b/Disciplines/FQBJCR2025-%E5%B7%A5%E7%A8%8B%E6%8A%80%E6%9C%AF-UTF8.csv
important,JOURNAL OF FLUIDS AND STRUCTURES,0889-9746,,2025中科院小类2或3区,https://github.com/yuzhounh/Authoritative-Journal-Classification/blob/a5caae3954b49610dd5f357ca8d4a107abee829b/Disciplines/FQBJCR2025-%E5%B7%A5%E7%A8%8B%E6%8A%80%E6%9C%AF-UTF8.csv
important,JOURNAL OF HYDRAULIC ENGINEERING,0733-9429,,2025中科院小类2或3区,https://github.com/yuzhounh/Authoritative-Journal-Classification/blob/a5caae3954b49610dd5f357ca8d4a107abee829b/Disciplines/FQBJCR2025-%E5%B7%A5%E7%A8%8B%E6%8A%80%E6%9C%AF-UTF8.csv
important,Journal of Imaging,2313-433X,,2025中科院小类2或3区,https://github.com/yuzhounh/Authoritative-Journal-Classification/blob/a5caae3954b49610dd5f357ca8d4a107abee829b/Disciplines/FQBJCR2025-%E8%AE%A1%E7%AE%97%E6%9C%BA%E7%A7%91%E5%AD%A6-UTF8.csv
important,JOURNAL OF KING SAUD UNIVERSITY SCIENCE,1018-3647,,2025中科院小类2或3区,https://github.com/yuzhounh/Authoritative-Journal-Classification/blob/a5caae3954b49610dd5f357ca8d4a107abee829b/Disciplines/FQBJCR2025-%E7%BB%BC%E5%90%88%E6%80%A7%E6%9C%9F%E5%88%8A-UTF8.csv
important,Journal of Mechanisms and Robotics-Transactions of the ASME,1942-4302,,2025中科院小类2或3区,https://github.com/yuzhounh/Authoritative-Journal-Classification/blob/a5caae3954b49610dd5f357ca8d4a107abee829b/Disciplines/FQBJCR2025-%E8%AE%A1%E7%AE%97%E6%9C%BA%E7%A7%91%E5%AD%A6-UTF8.csv
important,JOURNAL OF MICROELECTROMECHANICAL SYSTEMS,1057-7157,,2025中科院小类2或3区,https://github.com/yuzhounh/Authoritative-Journal-Classification/blob/a5caae3954b49610dd5f357ca8d4a107abee829b/Disciplines/FQBJCR2025-%E5%B7%A5%E7%A8%8B%E6%8A%80%E6%9C%AF-UTF8.csv
important,Journal of Pipeline Science and Engineering,2667-1433,,2025中科院小类2或3区,https://github.com/yuzhounh/Authoritative-Journal-Classification/blob/a5caae3954b49610dd5f357ca8d4a107abee829b/Disciplines/FQBJCR2025-%E5%B7%A5%E7%A8%8B%E6%8A%80%E6%9C%AF-UTF8.csv
important,JOURNAL OF PROCESS CONTROL,0959-1524,,2025中科院小类2或3区,https://github.com/yuzhounh/Authoritative-Journal-Classification/blob/a5caae3954b49610dd5f357ca8d4a107abee829b/Disciplines/FQBJCR2025-%E8%AE%A1%E7%AE%97%E6%9C%BA%E7%A7%91%E5%AD%A6-UTF8.csv
important,Journal of Real-Time Image Processing,1861-8200,,2025中科院小类2或3区,https://github.com/yuzhounh/Authoritative-Journal-Classification/blob/a5caae3954b49610dd5f357ca8d4a107abee829b/Disciplines/FQBJCR2025-%E8%AE%A1%E7%AE%97%E6%9C%BA%E7%A7%91%E5%AD%A6-UTF8.csv
important,JOURNAL OF SANDWICH STRUCTURES & MATERIALS,1099-6362,,2025中科院小类2或3区,https://github.com/yuzhounh/Authoritative-Journal-Classification/blob/a5caae3954b49610dd5f357ca8d4a107abee829b/Disciplines/FQBJCR2025-%E6%9D%90%E6%96%99%E7%A7%91%E5%AD%A6-UTF8.csv
important,JOURNAL OF SYNCHROTRON RADIATION,0909-0495,,2025中科院小类2或3区,https://github.com/yuzhounh/Authoritative-Journal-Classification/blob/a5caae3954b49610dd5f357ca8d4a107abee829b/Disciplines/FQBJCR2025-%E7%89%A9%E7%90%86%E4%B8%8E%E5%A4%A9%E4%BD%93%E7%89%A9%E7%90%86-UTF8.csv
important,JOURNAL OF THE AMERICAN HELICOPTER SOCIETY,0002-8711,,2025中科院小类2或3区,https://github.com/yuzhounh/Authoritative-Journal-Classification/blob/a5caae3954b49610dd5f357ca8d4a107abee829b/Disciplines/FQBJCR2025-%E5%B7%A5%E7%A8%8B%E6%8A%80%E6%9C%AF-UTF8.csv
important,JOURNAL OF THE FRANKLIN INSTITUTE-ENGINEERING AND APPLIED MATHEMATICS,0016-0032,,2025中科院小类2或3区,https://github.com/yuzhounh/Authoritative-Journal-Classification/blob/a5caae3954b49610dd5f357ca8d4a107abee829b/Disciplines/FQBJCR2025-%E8%AE%A1%E7%AE%97%E6%9C%BA%E7%A7%91%E5%AD%A6-UTF8.csv
important,JOURNAL OF THE MECHANICS AND PHYSICS OF SOLIDS,0022-5096,,2025中科院小类2或3区,https://github.com/yuzhounh/Authoritative-Journal-Classification/blob/a5caae3954b49610dd5f357ca8d4a107abee829b/Disciplines/FQBJCR2025-%E5%B7%A5%E7%A8%8B%E6%8A%80%E6%9C%AF-UTF8.csv
important,Journal of the Royal Society Interface,1742-5689,,2025中科院小类2或3区,https://github.com/yuzhounh/Authoritative-Journal-Classification/blob/a5caae3954b49610dd5f357ca8d4a107abee829b/Disciplines/FQBJCR2025-%E7%BB%BC%E5%90%88%E6%80%A7%E6%9C%9F%E5%88%8A-UTF8.csv
important,JOURNAL OF THE ROYAL SOCIETY OF NEW ZEALAND,0303-6758,,2025中科院小类2或3区,https://github.com/yuzhounh/Authoritative-Journal-Classification/blob/a5caae3954b49610dd5f357ca8d4a107abee829b/Disciplines/FQBJCR2025-%E7%BB%BC%E5%90%88%E6%80%A7%E6%9C%9F%E5%88%8A-UTF8.csv
important,JOURNAL OF TRIBOLOGY-TRANSACTIONS OF THE ASME,0742-4787,,2025中科院小类2或3区,https://github.com/yuzhounh/Authoritative-Journal-Classification/blob/a5caae3954b49610dd5f357ca8d4a107abee829b/Disciplines/FQBJCR2025-%E5%B7%A5%E7%A8%8B%E6%8A%80%E6%9C%AF-UTF8.csv
important,JOURNAL OF TURBOMACHINERY-TRANSACTIONS OF THE ASME,0889-504X,,2025中科院小类2或3区,https://github.com/yuzhounh/Authoritative-Journal-Classification/blob/a5caae3954b49610dd5f357ca8d4a107abee829b/Disciplines/FQBJCR2025-%E5%B7%A5%E7%A8%8B%E6%8A%80%E6%9C%AF-UTF8.csv
important,JOURNAL OF VIBRATION AND CONTROL,1077-5463,,2025中科院小类2或3区,https://github.com/yuzhounh/Authoritative-Journal-Classification/blob/a5caae3954b49610dd5f357ca8d4a107abee829b/Disciplines/FQBJCR2025-%E5%B7%A5%E7%A8%8B%E6%8A%80%E6%9C%AF-UTF8.csv
important,Lubricants,2075-4442,,2025中科院小类2或3区,https://github.com/yuzhounh/Authoritative-Journal-Classification/blob/a5caae3954b49610dd5f357ca8d4a107abee829b/Disciplines/FQBJCR2025-%E5%B7%A5%E7%A8%8B%E6%8A%80%E6%9C%AF-UTF8.csv
important,Machine Intelligence Research,2731-538X,,2025中科院小类2或3区,https://github.com/yuzhounh/Authoritative-Journal-Classification/blob/a5caae3954b49610dd5f357ca8d4a107abee829b/Disciplines/FQBJCR2025-%E8%AE%A1%E7%AE%97%E6%9C%BA%E7%A7%91%E5%AD%A6-UTF8.csv
important,Machines,2075-1702,,2025中科院小类2或3区,https://github.com/yuzhounh/Authoritative-Journal-Classification/blob/a5caae3954b49610dd5f357ca8d4a107abee829b/Disciplines/FQBJCR2025-%E5%B7%A5%E7%A8%8B%E6%8A%80%E6%9C%AF-UTF8.csv
important,MACHINING SCIENCE AND TECHNOLOGY,1091-0344,,2025中科院小类2或3区,https://github.com/yuzhounh/Authoritative-Journal-Classification/blob/a5caae3954b49610dd5f357ca8d4a107abee829b/Disciplines/FQBJCR2025-%E5%B7%A5%E7%A8%8B%E6%8A%80%E6%9C%AF-UTF8.csv
important,MATERIALS AND MANUFACTURING PROCESSES,1042-6914,,2025中科院小类2或3区,https://github.com/yuzhounh/Authoritative-Journal-Classification/blob/a5caae3954b49610dd5f357ca8d4a107abee829b/Disciplines/FQBJCR2025-%E6%9D%90%E6%96%99%E7%A7%91%E5%AD%A6-UTF8.csv
important,MATHEMATICS OF CONTROL SIGNALS AND SYSTEMS,0932-4194,,2025中科院小类2或3区,https://github.com/yuzhounh/Authoritative-Journal-Classification/blob/a5caae3954b49610dd5f357ca8d4a107abee829b/Disciplines/FQBJCR2025-%E8%AE%A1%E7%AE%97%E6%9C%BA%E7%A7%91%E5%AD%A6-UTF8.csv
important,MEASUREMENT,0263-2241,,2025中科院小类2或3区,https://github.com/yuzhounh/Authoritative-Journal-Classification/blob/a5caae3954b49610dd5f357ca8d4a107abee829b/Disciplines/FQBJCR2025-%E5%B7%A5%E7%A8%8B%E6%8A%80%E6%9C%AF-UTF8.csv
important,MEASUREMENT SCIENCE and TECHNOLOGY,0957-0233,,2025中科院小类2或3区,https://github.com/yuzhounh/Authoritative-Journal-Classification/blob/a5caae3954b49610dd5f357ca8d4a107abee829b/Disciplines/FQBJCR2025-%E5%B7%A5%E7%A8%8B%E6%8A%80%E6%9C%AF-UTF8.csv
important,MECHATRONICS,0957-4158,,2025中科院小类2或3区,https://github.com/yuzhounh/Authoritative-Journal-Classification/blob/a5caae3954b49610dd5f357ca8d4a107abee829b/Disciplines/FQBJCR2025-%E8%AE%A1%E7%AE%97%E6%9C%BA%E7%A7%91%E5%AD%A6-UTF8.csv
important,METROLOGIA,0026-1394,,2025中科院小类2或3区,https://github.com/yuzhounh/Authoritative-Journal-Classification/blob/a5caae3954b49610dd5f357ca8d4a107abee829b/Disciplines/FQBJCR2025-%E5%B7%A5%E7%A8%8B%E6%8A%80%E6%9C%AF-UTF8.csv
important,Micromachines,2072-666X,,2025中科院小类2或3区,https://github.com/yuzhounh/Authoritative-Journal-Classification/blob/a5caae3954b49610dd5f357ca8d4a107abee829b/Disciplines/FQBJCR2025-%E5%B7%A5%E7%A8%8B%E6%8A%80%E6%9C%AF-UTF8.csv
important,Nanoscale and Microscale Thermophysical Engineering,1556-7265,,2025中科院小类2或3区,https://github.com/yuzhounh/Authoritative-Journal-Classification/blob/a5caae3954b49610dd5f357ca8d4a107abee829b/Disciplines/FQBJCR2025-%E5%B7%A5%E7%A8%8B%E6%8A%80%E6%9C%AF-UTF8.csv
important,Nonlinear Analysis-Hybrid Systems,1751-570X,,2025中科院小类2或3区,https://github.com/yuzhounh/Authoritative-Journal-Classification/blob/a5caae3954b49610dd5f357ca8d4a107abee829b/Disciplines/FQBJCR2025-%E8%AE%A1%E7%AE%97%E6%9C%BA%E7%A7%91%E5%AD%A6-UTF8.csv
important,NONLINEAR DYNAMICS,0924-090X,,2025中科院小类2或3区,https://github.com/yuzhounh/Authoritative-Journal-Classification/blob/a5caae3954b49610dd5f357ca8d4a107abee829b/Disciplines/FQBJCR2025-%E5%B7%A5%E7%A8%8B%E6%8A%80%E6%9C%AF-UTF8.csv
important,NPJ Microgravity,2373-8065,,2025中科院小类2或3区,https://github.com/yuzhounh/Authoritative-Journal-Classification/blob/a5caae3954b49610dd5f357ca8d4a107abee829b/Disciplines/FQBJCR2025-%E5%B7%A5%E7%A8%8B%E6%8A%80%E6%9C%AF-UTF8.csv
important,NUCLEAR INSTRUMENTS & METHODS IN PHYSICS RESEARCH SECTION A-ACCELERATORS SPECTROMETERS DETECTORS AND ASSOCIATED EQUIPMENT,0168-9002,,2025中科院小类2或3区,https://github.com/yuzhounh/Authoritative-Journal-Classification/blob/a5caae3954b49610dd5f357ca8d4a107abee829b/Disciplines/FQBJCR2025-%E7%89%A9%E7%90%86%E4%B8%8E%E5%A4%A9%E4%BD%93%E7%89%A9%E7%90%86-UTF8.csv
important,NUCLEAR INSTRUMENTS & METHODS IN PHYSICS RESEARCH SECTION B-BEAM INTERACTIONS WITH MATERIALS AND ATOMS,0168-583X,,2025中科院小类2或3区,https://github.com/yuzhounh/Authoritative-Journal-Classification/blob/a5caae3954b49610dd5f357ca8d4a107abee829b/Disciplines/FQBJCR2025-%E7%89%A9%E7%90%86%E4%B8%8E%E5%A4%A9%E4%BD%93%E7%89%A9%E7%90%86-UTF8.csv
important,PACKAGING TECHNOLOGY AND SCIENCE,0894-3214,,2025中科院小类2或3区,https://github.com/yuzhounh/Authoritative-Journal-Classification/blob/a5caae3954b49610dd5f357ca8d4a107abee829b/Disciplines/FQBJCR2025-%E5%86%9C%E6%9E%97%E7%A7%91%E5%AD%A6-UTF8.csv
important,PHILOSOPHICAL TRANSACTIONS OF THE ROYAL SOCIETY A-MATHEMATICAL PHYSICAL AND ENGINEERING SCIENCES,1364-503X,,2025中科院小类2或3区,https://github.com/yuzhounh/Authoritative-Journal-Classification/blob/a5caae3954b49610dd5f357ca8d4a107abee829b/Disciplines/FQBJCR2025-%E7%BB%BC%E5%90%88%E6%80%A7%E6%9C%9F%E5%88%8A-UTF8.csv
important,PLoS One,1932-6203,,2025中科院小类2或3区,https://github.com/yuzhounh/Authoritative-Journal-Classification/blob/a5caae3954b49610dd5f357ca8d4a107abee829b/Disciplines/FQBJCR2025-%E7%BB%BC%E5%90%88%E6%80%A7%E6%9C%9F%E5%88%8A-UTF8.csv
important,PNAS Nexus,2752-6542,,2025中科院小类2或3区,https://github.com/yuzhounh/Authoritative-Journal-Classification/blob/a5caae3954b49610dd5f357ca8d4a107abee829b/Disciplines/FQBJCR2025-%E7%BB%BC%E5%90%88%E6%80%A7%E6%9C%9F%E5%88%8A-UTF8.csv
important,PROBABILISTIC ENGINEERING MECHANICS,0266-8920,,2025中科院小类2或3区,https://github.com/yuzhounh/Authoritative-Journal-Classification/blob/a5caae3954b49610dd5f357ca8d4a107abee829b/Disciplines/FQBJCR2025-%E5%B7%A5%E7%A8%8B%E6%8A%80%E6%9C%AF-UTF8.csv
important,PROCEEDINGS OF THE INSTITUTION OF MECHANICAL ENGINEERS PART K-JOURNAL OF MULTI-BODY DYNAMICS,1464-4193,,2025中科院小类2或3区,https://github.com/yuzhounh/Authoritative-Journal-Classification/blob/a5caae3954b49610dd5f357ca8d4a107abee829b/Disciplines/FQBJCR2025-%E5%B7%A5%E7%A8%8B%E6%8A%80%E6%9C%AF-UTF8.csv
important,"Proceedings of the Institution of Mechanical Engineers, Part D: Journal of Automobile Engineering",0954-4070,Proceedings of the IMechE Part D,机械运载2019重要名单,https://bqtq.bit.edu.cn/docs/2019-09/20190928014925512317.pdf
important,PROCEEDINGS OF THE JAPAN ACADEMY SERIES B-PHYSICAL AND BIOLOGICAL SCIENCES,0386-2208,,2025中科院小类2或3区,https://github.com/yuzhounh/Authoritative-Journal-Classification/blob/a5caae3954b49610dd5f357ca8d4a107abee829b/Disciplines/FQBJCR2025-%E7%BB%BC%E5%90%88%E6%80%A7%E6%9C%9F%E5%88%8A-UTF8.csv
important,PROCEEDINGS OF THE ROYAL SOCIETY A-MATHEMATICAL PHYSICAL AND ENGINEERING SCIENCES,1364-5021,,2025中科院小类2或3区,https://github.com/yuzhounh/Authoritative-Journal-Classification/blob/a5caae3954b49610dd5f357ca8d4a107abee829b/Disciplines/FQBJCR2025-%E7%BB%BC%E5%90%88%E6%80%A7%E6%9C%9F%E5%88%8A-UTF8.csv
important,Propulsion and Power Research,2212-540X,,2025中科院小类2或3区,https://github.com/yuzhounh/Authoritative-Journal-Classification/blob/a5caae3954b49610dd5f357ca8d4a107abee829b/Disciplines/FQBJCR2025-%E5%B7%A5%E7%A8%8B%E6%8A%80%E6%9C%AF-UTF8.csv
important,RESEARCH IN ENGINEERING DESIGN,0934-9839,,2025中科院小类2或3区,https://github.com/yuzhounh/Authoritative-Journal-Classification/blob/a5caae3954b49610dd5f357ca8d4a107abee829b/Disciplines/FQBJCR2025-%E5%B7%A5%E7%A8%8B%E6%8A%80%E6%9C%AF-UTF8.csv
important,ROBOTICS AND AUTONOMOUS SYSTEMS,0921-8890,,2025中科院小类2或3区,https://github.com/yuzhounh/Authoritative-Journal-Classification/blob/a5caae3954b49610dd5f357ca8d4a107abee829b/Disciplines/FQBJCR2025-%E8%AE%A1%E7%AE%97%E6%9C%BA%E7%A7%91%E5%AD%A6-UTF8.csv
important,Royal Society Open Science,2054-5703,,2025中科院小类2或3区,https://github.com/yuzhounh/Authoritative-Journal-Classification/blob/a5caae3954b49610dd5f357ca8d4a107abee829b/Disciplines/FQBJCR2025-%E7%BB%BC%E5%90%88%E6%80%A7%E6%9C%9F%E5%88%8A-UTF8.csv
important,Scientific African,2468-2276,,2025中科院小类2或3区,https://github.com/yuzhounh/Authoritative-Journal-Classification/blob/a5caae3954b49610dd5f357ca8d4a107abee829b/Disciplines/FQBJCR2025-%E7%BB%BC%E5%90%88%E6%80%A7%E6%9C%9F%E5%88%8A-UTF8.csv
important,Scientific Data,2052-4463,,2025中科院小类2或3区,https://github.com/yuzhounh/Authoritative-Journal-Classification/blob/a5caae3954b49610dd5f357ca8d4a107abee829b/Disciplines/FQBJCR2025-%E7%BB%BC%E5%90%88%E6%80%A7%E6%9C%9F%E5%88%8A-UTF8.csv
important,Scientific Reports,2045-2322,,2025中科院小类2或3区,https://github.com/yuzhounh/Authoritative-Journal-Classification/blob/a5caae3954b49610dd5f357ca8d4a107abee829b/Disciplines/FQBJCR2025-%E7%BB%BC%E5%90%88%E6%80%A7%E6%9C%9F%E5%88%8A-UTF8.csv
important,SENSORS,1424-8220,,2025中科院小类2或3区,https://github.com/yuzhounh/Authoritative-Journal-Classification/blob/a5caae3954b49610dd5f357ca8d4a107abee829b/Disciplines/FQBJCR2025-%E7%BB%BC%E5%90%88%E6%80%A7%E6%9C%9F%E5%88%8A-UTF8.csv
important,SENSORS AND ACTUATORS A-PHYSICAL,0924-4247,,2025中科院小类2或3区,https://github.com/yuzhounh/Authoritative-Journal-Classification/blob/a5caae3954b49610dd5f357ca8d4a107abee829b/Disciplines/FQBJCR2025-%E5%B7%A5%E7%A8%8B%E6%8A%80%E6%9C%AF-UTF8.csv
important,Sensors and Actuators Reports,2666-0539,,2025中科院小类2或3区,https://github.com/yuzhounh/Authoritative-Journal-Classification/blob/a5caae3954b49610dd5f357ca8d4a107abee829b/Disciplines/FQBJCR2025-%E5%8C%96%E5%AD%A6-UTF8.csv
important,Smart Materials and Structures,0964-1726,,2025中科院小类2或3区,https://github.com/yuzhounh/Authoritative-Journal-Classification/blob/a5caae3954b49610dd5f357ca8d4a107abee829b/Disciplines/FQBJCR2025-%E6%9D%90%E6%96%99%E7%A7%91%E5%AD%A6-UTF8.csv
important,Soft Robotics,2169-5172,SoRo,2025中科院小类2或3区,https://github.com/yuzhounh/Authoritative-Journal-Classification/blob/a5caae3954b49610dd5f357ca8d4a107abee829b/Disciplines/FQBJCR2025-%E8%AE%A1%E7%AE%97%E6%9C%BA%E7%A7%91%E5%AD%A6-UTF8.csv
important,Structural Control & Health Monitoring,1545-2255,,2025中科院小类2或3区,https://github.com/yuzhounh/Authoritative-Journal-Classification/blob/a5caae3954b49610dd5f357ca8d4a107abee829b/Disciplines/FQBJCR2025-%E5%B7%A5%E7%A8%8B%E6%8A%80%E6%9C%AF-UTF8.csv
important,STRUCTURAL HEALTH MONITORING-AN INTERNATIONAL JOURNAL,1475-9217,,2025中科院小类2或3区,https://github.com/yuzhounh/Authoritative-Journal-Classification/blob/a5caae3954b49610dd5f357ca8d4a107abee829b/Disciplines/FQBJCR2025-%E5%B7%A5%E7%A8%8B%E6%8A%80%E6%9C%AF-UTF8.csv
important,Structure and Infrastructure Engineering,1573-2479,,2025中科院小类2或3区,https://github.com/yuzhounh/Authoritative-Journal-Classification/blob/a5caae3954b49610dd5f357ca8d4a107abee829b/Disciplines/FQBJCR2025-%E5%B7%A5%E7%A8%8B%E6%8A%80%E6%9C%AF-UTF8.csv
important,Symmetry-Basel,2073-8994,,2025中科院小类2或3区,https://github.com/yuzhounh/Authoritative-Journal-Classification/blob/a5caae3954b49610dd5f357ca8d4a107abee829b/Disciplines/FQBJCR2025-%E7%BB%BC%E5%90%88%E6%80%A7%E6%9C%9F%E5%88%8A-UTF8.csv
important,SYSTEMS & CONTROL LETTERS,0167-6911,,2025中科院小类2或3区,https://github.com/yuzhounh/Authoritative-Journal-Classification/blob/a5caae3954b49610dd5f357ca8d4a107abee829b/Disciplines/FQBJCR2025-%E8%AE%A1%E7%AE%97%E6%9C%BA%E7%A7%91%E5%AD%A6-UTF8.csv
important,Thermal Science and Engineering Progress,2451-9049,,2025中科院小类2或3区,https://github.com/yuzhounh/Authoritative-Journal-Classification/blob/a5caae3954b49610dd5f357ca8d4a107abee829b/Disciplines/FQBJCR2025-%E5%B7%A5%E7%A8%8B%E6%8A%80%E6%9C%AF-UTF8.csv
important,TRIBOLOGY LETTERS,1023-8883,,2025中科院小类2或3区,https://github.com/yuzhounh/Authoritative-Journal-Classification/blob/a5caae3954b49610dd5f357ca8d4a107abee829b/Disciplines/FQBJCR2025-%E5%B7%A5%E7%A8%8B%E6%8A%80%E6%9C%AF-UTF8.csv
important,Unmanned Systems,2301-3850,,2025中科院小类2或3区,https://github.com/yuzhounh/Authoritative-Journal-Classification/blob/a5caae3954b49610dd5f357ca8d4a107abee829b/Disciplines/FQBJCR2025-%E8%AE%A1%E7%AE%97%E6%9C%BA%E7%A7%91%E5%AD%A6-UTF8.csv
important,Vibration,2571-631X,,2025中科院小类2或3区,https://github.com/yuzhounh/Authoritative-Journal-Classification/blob/a5caae3954b49610dd5f357ca8d4a107abee829b/Disciplines/FQBJCR2025-%E5%B7%A5%E7%A8%8B%E6%8A%80%E6%9C%AF-UTF8.csv
important,VIRTUAL REALITY,1359-4338,,2025中科院小类2或3区,https://github.com/yuzhounh/Authoritative-Journal-Classification/blob/a5caae3954b49610dd5f357ca8d4a107abee829b/Disciplines/FQBJCR2025-%E8%AE%A1%E7%AE%97%E6%9C%BA%E7%A7%91%E5%AD%A6-UTF8.csv
important,WIND ENERGY,1095-4244,,2025中科院小类2或3区,https://github.com/yuzhounh/Authoritative-Journal-Classification/blob/a5caae3954b49610dd5f357ca8d4a107abee829b/Disciplines/FQBJCR2025-%E5%B7%A5%E7%A8%8B%E6%8A%80%E6%9C%AF-UTF8.csv
important,中国科学：技术科学,1674-7259,中国科学:技术科学,学院2019重要名单,https://bqtq.bit.edu.cn/docs/2019-09/20190928014930986452.pdf
important,兵工学报,1000-1093,,学院2019重要名单,https://bqtq.bit.edu.cn/docs/2019-09/20190928014930986452.pdf
important,宇航学报,1000-1328,,学院2019重要名单,https://bqtq.bit.edu.cn/docs/2019-09/20190928014930986452.pdf
important,机械工程学报,0577-6686,,学院2019重要名单,https://bqtq.bit.edu.cn/docs/2019-09/20190928014930986452.pdf
important,汽车工程,1000-680X,,机械运载2019重要名单,https://bqtq.bit.edu.cn/docs/2019-09/20190928014925512317.pdf
important,航空学报,1000-6893,,学院2019重要名单,https://bqtq.bit.edu.cn/docs/2019-09/20190928014930986452.pdf
